caller,callee,caller_src,callee_src,start_body_start_line,start_body_end_line,end_body_start_line,end_body_end_line,caller_signature,caller_parameter_string,caller_return_type,caller_return_type_inferred,callee_signature,callee_parameter_string,callee_return_type,callee_return_type_inferred
cmsOpenProfileFromMem,cmsOpenProfileFromMemTHR,/src/lcms/src/cmsio0.c,/src/lcms/src/cmsio0.c,1279,1279,1255,1255,"cmsOpenProfileFromMem(const void *, cmsUInt32Number) -> cmsHPROFILE","const void * MemPtr, cmsUInt32Number dwSize",cmsHPROFILE,void *,"cmsOpenProfileFromMemTHR(cmsContext, const void *, cmsUInt32Number) -> cmsHPROFILE","cmsContext ContextID, const void * MemPtr, cmsUInt32Number dwSize",cmsHPROFILE,void *
cmsCloseProfile,_cmsDestroyMutex,/src/lcms/src/cmsio0.c,/src/lcms/src/cmserr.c,1566,1566,635,635,cmsCloseProfile(cmsHPROFILE) -> cmsBool,cmsHPROFILE hProfile,cmsBool,int,"_cmsDestroyMutex(cmsContext, void *) -> void","cmsContext ContextID, void * mtx",void,void
cmsCloseProfile,_cmsFree,/src/lcms/src/cmsio0.c,/src/lcms/src/cmserr.c,1566,1566,292,292,cmsCloseProfile(cmsHPROFILE) -> cmsBool,cmsHPROFILE hProfile,cmsBool,int,"_cmsFree(cmsContext, void *) -> void","cmsContext ContextID, void * Ptr",void,void
cmsCloseProfile,cmsCloseIOhandler,/src/lcms/src/cmsio0.c,/src/lcms/src/cmsio0.c,1566,1566,505,505,cmsCloseProfile(cmsHPROFILE) -> cmsBool,cmsHPROFILE hProfile,cmsBool,int,cmsCloseIOhandler(cmsIOHANDLER *) -> cmsBool,cmsIOHANDLER * io,cmsBool,int
cmsCloseProfile,freeOneTag,/src/lcms/src/cmsio0.c,/src/lcms/src/cmsio0.c,1566,1566,1547,1547,cmsCloseProfile(cmsHPROFILE) -> cmsBool,cmsHPROFILE hProfile,cmsBool,int,"freeOneTag(_cmsICCPROFILE *, cmsUInt32Number) -> void","_cmsICCPROFILE * Icc, cmsUInt32Number i",void,void
cmsCloseProfile,cmsSaveProfileToFile,/src/lcms/src/cmsio0.c,/src/lcms/src/cmsio0.c,1566,1566,1486,1486,cmsCloseProfile(cmsHPROFILE) -> cmsBool,cmsHPROFILE hProfile,cmsBool,int,"cmsSaveProfileToFile(cmsHPROFILE, const char *) -> cmsBool","cmsHPROFILE hProfile, const char * FileName",cmsBool,int
cmsCreateTransform,cmsCreateTransformTHR,/src/lcms/src/cmsxform.c,/src/lcms/src/cmsxform.c,1325,1325,1308,1308,"cmsCreateTransform(cmsHPROFILE, cmsUInt32Number, cmsHPROFILE, cmsUInt32Number, cmsUInt32Number, cmsUInt32Number) -> cmsHTRANSFORM","cmsHPROFILE Input, cmsUInt32Number InputFormat, cmsHPROFILE Output, cmsUInt32Number OutputFormat, cmsUInt32Number Intent, cmsUInt32Number dwFlags",cmsHTRANSFORM,void *,"cmsCreateTransformTHR(cmsContext, cmsHPROFILE, cmsUInt32Number, cmsHPROFILE, cmsUInt32Number, cmsUInt32Number, cmsUInt32Number) -> cmsHTRANSFORM","cmsContext ContextID, cmsHPROFILE Input, cmsUInt32Number InputFormat, cmsHPROFILE Output, cmsUInt32Number OutputFormat, cmsUInt32Number Intent, cmsUInt32Number dwFlags",cmsHTRANSFORM,void *
cmsCreateTransform,cmsGetProfileContextID,/src/lcms/src/cmsxform.c,/src/lcms/src/cmsio0.c,1325,1325,552,552,"cmsCreateTransform(cmsHPROFILE, cmsUInt32Number, cmsHPROFILE, cmsUInt32Number, cmsUInt32Number, cmsUInt32Number) -> cmsHTRANSFORM","cmsHPROFILE Input, cmsUInt32Number InputFormat, cmsHPROFILE Output, cmsUInt32Number OutputFormat, cmsUInt32Number Intent, cmsUInt32Number dwFlags",cmsHTRANSFORM,void *,cmsGetProfileContextID(cmsHPROFILE) -> cmsContext,cmsHPROFILE hProfile,cmsContext,_cmsContext_struct *
cmsCreateTransform,cmsGetProfileContextID,/src/lcms/src/cmsxform.c,/src/lcms/src/cmsio0.c,1325,1325,552,552,"cmsCreateTransform(cmsHPROFILE, cmsUInt32Number, cmsHPROFILE, cmsUInt32Number, cmsUInt32Number, cmsUInt32Number) -> cmsHTRANSFORM","cmsHPROFILE Input, cmsUInt32Number InputFormat, cmsHPROFILE Output, cmsUInt32Number OutputFormat, cmsUInt32Number Intent, cmsUInt32Number dwFlags",cmsHTRANSFORM,void *,cmsGetProfileContextID(cmsHPROFILE) -> cmsContext,cmsHPROFILE hProfile,cmsContext,_cmsContext_struct *
cmsCreateTransform,cmsGetProfileContextID,/src/lcms/src/cmsxform.c,/src/lcms/src/cmsio0.c,1325,1325,552,552,"cmsCreateTransform(cmsHPROFILE, cmsUInt32Number, cmsHPROFILE, cmsUInt32Number, cmsUInt32Number, cmsUInt32Number) -> cmsHTRANSFORM","cmsHPROFILE Input, cmsUInt32Number InputFormat, cmsHPROFILE Output, cmsUInt32Number OutputFormat, cmsUInt32Number Intent, cmsUInt32Number dwFlags",cmsHTRANSFORM,void *,cmsGetProfileContextID(cmsHPROFILE) -> cmsContext,cmsHPROFILE hProfile,cmsContext,_cmsContext_struct *
cmsCreateTransform,cmsGetProfileContextID,/src/lcms/src/cmsxform.c,/src/lcms/src/cmsio0.c,1325,1325,552,552,"cmsCreateTransform(cmsHPROFILE, cmsUInt32Number, cmsHPROFILE, cmsUInt32Number, cmsUInt32Number, cmsUInt32Number) -> cmsHTRANSFORM","cmsHPROFILE Input, cmsUInt32Number InputFormat, cmsHPROFILE Output, cmsUInt32Number OutputFormat, cmsUInt32Number Intent, cmsUInt32Number dwFlags",cmsHTRANSFORM,void *,cmsGetProfileContextID(cmsHPROFILE) -> cmsContext,cmsHPROFILE hProfile,cmsContext,_cmsContext_struct *
cmsWriteTag,cmsSignalError,/src/lcms/src/cmsio0.c,/src/lcms/src/cmserr.c,1773,1773,509,509,"cmsWriteTag(cmsHPROFILE, cmsTagSignature, const void *) -> cmsBool","cmsHPROFILE hProfile, cmsTagSignature sig, const void * data",cmsBool,int,"cmsSignalError(cmsContext, cmsUInt32Number, const char *) -> void","cmsContext ContextID, cmsUInt32Number ErrorCode, const char * ErrorText",void,void
cmsWriteTag,_cmsUnlockMutex,/src/lcms/src/cmsio0.c,/src/lcms/src/cmserr.c,1773,1773,654,654,"cmsWriteTag(cmsHPROFILE, cmsTagSignature, const void *) -> cmsBool","cmsHPROFILE hProfile, cmsTagSignature sig, const void * data",cmsBool,int,"_cmsUnlockMutex(cmsContext, void *) -> void","cmsContext ContextID, void * mtx",void,void
cmsWriteTag,_cmsLockMutex,/src/lcms/src/cmsio0.c,/src/lcms/src/cmserr.c,1773,1773,645,645,"cmsWriteTag(cmsHPROFILE, cmsTagSignature, const void *) -> cmsBool","cmsHPROFILE hProfile, cmsTagSignature sig, const void * data",cmsBool,int,"_cmsLockMutex(cmsContext, void *) -> cmsBool","cmsContext ContextID, void * mtx",cmsBool,int
cmsWriteTag,_cmsTagSignature2String,/src/lcms/src/cmsio0.c,/src/lcms/src/cmserr.c,1773,1773,528,528,"cmsWriteTag(cmsHPROFILE, cmsTagSignature, const void *) -> cmsBool","cmsHPROFILE hProfile, cmsTagSignature sig, const void * data",cmsBool,int,"_cmsTagSignature2String(char[5], cmsTagSignature) -> void","char[5] String, cmsTagSignature sig",void,void
cmsWriteTag,_cmsGetTagDescriptor,/src/lcms/src/cmsio0.c,/src/lcms/src/cmstypes.c,1773,1773,5798,5798,"cmsWriteTag(cmsHPROFILE, cmsTagSignature, const void *) -> cmsBool","cmsHPROFILE hProfile, cmsTagSignature sig, const void * data",cmsBool,int,"_cmsGetTagDescriptor(cmsContext, cmsTagSignature) -> cmsTagDescriptor *","cmsContext ContextID, cmsTagSignature sig",cmsTagDescriptor *,struct <unnamed> *
cmsWriteTag,_cmsGetTagTypeHandler,/src/lcms/src/cmsio0.c,/src/lcms/src/cmstypes.c,1773,1773,5599,5599,"cmsWriteTag(cmsHPROFILE, cmsTagSignature, const void *) -> cmsBool","cmsHPROFILE hProfile, cmsTagSignature sig, const void * data",cmsBool,int,"_cmsGetTagTypeHandler(cmsContext, cmsTagTypeSignature) -> cmsTagTypeHandler *","cmsContext ContextID, cmsTagTypeSignature sig",cmsTagTypeHandler *,_cms_typehandler_struct *
cmsWriteTag,_cmsSearchTag,/src/lcms/src/cmsio0.c,/src/lcms/src/cmsio0.c,1773,1773,598,598,"cmsWriteTag(cmsHPROFILE, cmsTagSignature, const void *) -> cmsBool","cmsHPROFILE hProfile, cmsTagSignature sig, const void * data",cmsBool,int,"_cmsSearchTag(_cmsICCPROFILE *, cmsTagSignature, cmsBool) -> int","_cmsICCPROFILE * Icc, cmsTagSignature sig, cmsBool lFollowLinks",int,int
cmsWriteTag,_cmsNewTag,/src/lcms/src/cmsio0.c,/src/lcms/src/cmsio0.c,1773,1773,660,660,"cmsWriteTag(cmsHPROFILE, cmsTagSignature, const void *) -> cmsBool","cmsHPROFILE hProfile, cmsTagSignature sig, const void * data",cmsBool,int,"_cmsNewTag(_cmsICCPROFILE *, cmsTagSignature, int *) -> cmsBool","_cmsICCPROFILE * Icc, cmsTagSignature sig, int * NewPos",cmsBool,int
cmsWriteTag,_cmsDeleteTagByPos,/src/lcms/src/cmsio0.c,/src/lcms/src/cmsio0.c,1773,1773,629,629,"cmsWriteTag(cmsHPROFILE, cmsTagSignature, const void *) -> cmsBool","cmsHPROFILE hProfile, cmsTagSignature sig, const void * data",cmsBool,int,"_cmsDeleteTagByPos(_cmsICCPROFILE *, int) -> void","_cmsICCPROFILE * Icc, int i",void,void
cmsWriteTag,cmsGetProfileVersion,/src/lcms/src/cmsio0.c,/src/lcms/src/cmsio0.c,1773,1773,1131,1131,"cmsWriteTag(cmsHPROFILE, cmsTagSignature, const void *) -> cmsBool","cmsHPROFILE hProfile, cmsTagSignature sig, const void * data",cmsBool,int,cmsGetProfileVersion(cmsHPROFILE) -> cmsFloat64Number,cmsHPROFILE hProfile,cmsFloat64Number,double
cmsWriteTag,IsTypeSupported,/src/lcms/src/cmsio0.c,/src/lcms/src/cmsio0.c,1773,1773,1603,1603,"cmsWriteTag(cmsHPROFILE, cmsTagSignature, const void *) -> cmsBool","cmsHPROFILE hProfile, cmsTagSignature sig, const void * data",cmsBool,int,"IsTypeSupported(cmsTagDescriptor *, cmsTagTypeSignature) -> cmsBool","cmsTagDescriptor * TagDescriptor, cmsTagTypeSignature Type",cmsBool,int
cmsCreateMultiprofileTransform,cmsSignalError,/src/lcms/src/cmsxform.c,/src/lcms/src/cmserr.c,1286,1286,509,509,"cmsCreateMultiprofileTransform(cmsHPROFILE[], cmsUInt32Number, cmsUInt32Number, cmsUInt32Number, cmsUInt32Number, cmsUInt32Number) -> cmsHTRANSFORM","cmsHPROFILE[] hProfiles, cmsUInt32Number nProfiles, cmsUInt32Number InputFormat, cmsUInt32Number OutputFormat, cmsUInt32Number Intent, cmsUInt32Number dwFlags",cmsHTRANSFORM,void *,"cmsSignalError(cmsContext, cmsUInt32Number, const char *) -> void","cmsContext ContextID, cmsUInt32Number ErrorCode, const char * ErrorText",void,void
cmsCreateMultiprofileTransform,cmsGetProfileContextID,/src/lcms/src/cmsxform.c,/src/lcms/src/cmsio0.c,1286,1286,552,552,"cmsCreateMultiprofileTransform(cmsHPROFILE[], cmsUInt32Number, cmsUInt32Number, cmsUInt32Number, cmsUInt32Number, cmsUInt32Number) -> cmsHTRANSFORM","cmsHPROFILE[] hProfiles, cmsUInt32Number nProfiles, cmsUInt32Number InputFormat, cmsUInt32Number OutputFormat, cmsUInt32Number Intent, cmsUInt32Number dwFlags",cmsHTRANSFORM,void *,cmsGetProfileContextID(cmsHPROFILE) -> cmsContext,cmsHPROFILE hProfile,cmsContext,_cmsContext_struct *
cmsCreateMultiprofileTransform,cmsGetProfileContextID,/src/lcms/src/cmsxform.c,/src/lcms/src/cmsio0.c,1286,1286,552,552,"cmsCreateMultiprofileTransform(cmsHPROFILE[], cmsUInt32Number, cmsUInt32Number, cmsUInt32Number, cmsUInt32Number, cmsUInt32Number) -> cmsHTRANSFORM","cmsHPROFILE[] hProfiles, cmsUInt32Number nProfiles, cmsUInt32Number InputFormat, cmsUInt32Number OutputFormat, cmsUInt32Number Intent, cmsUInt32Number dwFlags",cmsHTRANSFORM,void *,cmsGetProfileContextID(cmsHPROFILE) -> cmsContext,cmsHPROFILE hProfile,cmsContext,_cmsContext_struct *
cmsCreateMultiprofileTransform,cmsGetProfileContextID,/src/lcms/src/cmsxform.c,/src/lcms/src/cmsio0.c,1286,1286,552,552,"cmsCreateMultiprofileTransform(cmsHPROFILE[], cmsUInt32Number, cmsUInt32Number, cmsUInt32Number, cmsUInt32Number, cmsUInt32Number) -> cmsHTRANSFORM","cmsHPROFILE[] hProfiles, cmsUInt32Number nProfiles, cmsUInt32Number InputFormat, cmsUInt32Number OutputFormat, cmsUInt32Number Intent, cmsUInt32Number dwFlags",cmsHTRANSFORM,void *,cmsGetProfileContextID(cmsHPROFILE) -> cmsContext,cmsHPROFILE hProfile,cmsContext,_cmsContext_struct *
cmsCreateMultiprofileTransform,cmsGetProfileContextID,/src/lcms/src/cmsxform.c,/src/lcms/src/cmsio0.c,1286,1286,552,552,"cmsCreateMultiprofileTransform(cmsHPROFILE[], cmsUInt32Number, cmsUInt32Number, cmsUInt32Number, cmsUInt32Number, cmsUInt32Number) -> cmsHTRANSFORM","cmsHPROFILE[] hProfiles, cmsUInt32Number nProfiles, cmsUInt32Number InputFormat, cmsUInt32Number OutputFormat, cmsUInt32Number Intent, cmsUInt32Number dwFlags",cmsHTRANSFORM,void *,cmsGetProfileContextID(cmsHPROFILE) -> cmsContext,cmsHPROFILE hProfile,cmsContext,_cmsContext_struct *
cmsCreateMultiprofileTransform,cmsCreateMultiprofileTransformTHR,/src/lcms/src/cmsxform.c,/src/lcms/src/cmsxform.c,1286,1286,1256,1256,"cmsCreateMultiprofileTransform(cmsHPROFILE[], cmsUInt32Number, cmsUInt32Number, cmsUInt32Number, cmsUInt32Number, cmsUInt32Number) -> cmsHTRANSFORM","cmsHPROFILE[] hProfiles, cmsUInt32Number nProfiles, cmsUInt32Number InputFormat, cmsUInt32Number OutputFormat, cmsUInt32Number Intent, cmsUInt32Number dwFlags",cmsHTRANSFORM,void *,"cmsCreateMultiprofileTransformTHR(cmsContext, cmsHPROFILE[], cmsUInt32Number, cmsUInt32Number, cmsUInt32Number, cmsUInt32Number, cmsUInt32Number) -> cmsHTRANSFORM","cmsContext ContextID, cmsHPROFILE[] hProfiles, cmsUInt32Number nProfiles, cmsUInt32Number InputFormat, cmsUInt32Number OutputFormat, cmsUInt32Number Intent, cmsUInt32Number dwFlags",cmsHTRANSFORM,void *
cmsIT8LoadFromMem,strncpy,/src/lcms/src/cmscgats.c,/usr/include/string.h,2447,2447,125,125,"cmsIT8LoadFromMem(cmsContext, const void *, cmsUInt32Number) -> cmsHANDLE","cmsContext ContextID, const void * Ptr, cmsUInt32Number len",cmsHANDLE,void *,"strncpy(char *__restrict__, const char *__restrict__, size_t) -> char *","char *__restrict__ __dest, const char *__restrict__ __src, size_t __n",char *,char *
cmsIT8LoadFromMem,_cmsFree,/src/lcms/src/cmscgats.c,/src/lcms/src/cmserr.c,2447,2447,292,292,"cmsIT8LoadFromMem(cmsContext, const void *, cmsUInt32Number) -> cmsHANDLE","cmsContext ContextID, const void * Ptr, cmsUInt32Number len",cmsHANDLE,void *,"_cmsFree(cmsContext, void *) -> void","cmsContext ContextID, void * Ptr",void,void
cmsIT8LoadFromMem,_cmsMalloc,/src/lcms/src/cmscgats.c,/src/lcms/src/cmserr.c,2447,2447,264,264,"cmsIT8LoadFromMem(cmsContext, const void *, cmsUInt32Number) -> cmsHANDLE","cmsContext ContextID, const void * Ptr, cmsUInt32Number len",cmsHANDLE,void *,"_cmsMalloc(cmsContext, cmsUInt32Number) -> void *","cmsContext ContextID, cmsUInt32Number size",void *,void *
cmsIT8LoadFromMem,__assert_fail,/src/lcms/src/cmscgats.c,/usr/include/assert.h,2447,2447,69,69,"cmsIT8LoadFromMem(cmsContext, const void *, cmsUInt32Number) -> cmsHANDLE","cmsContext ContextID, const void * Ptr, cmsUInt32Number len",cmsHANDLE,void *,"__assert_fail(const char *, const char *, unsigned int, const char *) -> void","const char * __assertion, const char * __file, unsigned int __line, const char * __function",void,void
cmsIT8LoadFromMem,CookPointers,/src/lcms/src/cmscgats.c,/src/lcms/src/cmscgats.c,2447,2447,2300,2300,"cmsIT8LoadFromMem(cmsContext, const void *, cmsUInt32Number) -> cmsHANDLE","cmsContext ContextID, const void * Ptr, cmsUInt32Number len",cmsHANDLE,void *,CookPointers(cmsIT8 *) -> void,cmsIT8 * it8,void,void
cmsIT8LoadFromMem,cmsIT8Alloc,/src/lcms/src/cmscgats.c,/src/lcms/src/cmscgats.c,2447,2447,1374,1374,"cmsIT8LoadFromMem(cmsContext, const void *, cmsUInt32Number) -> cmsHANDLE","cmsContext ContextID, const void * Ptr, cmsUInt32Number len",cmsHANDLE,void *,cmsIT8Alloc(cmsContext) -> cmsHANDLE,cmsContext ContextID,cmsHANDLE,void *
cmsIT8LoadFromMem,cmsIT8Free,/src/lcms/src/cmscgats.c,/src/lcms/src/cmscgats.c,2447,2447,1111,1111,"cmsIT8LoadFromMem(cmsContext, const void *, cmsUInt32Number) -> cmsHANDLE","cmsContext ContextID, const void * Ptr, cmsUInt32Number len",cmsHANDLE,void *,cmsIT8Free(cmsHANDLE) -> void,cmsHANDLE hIT8,void,void
cmsIT8LoadFromMem,ParseIT8,/src/lcms/src/cmscgats.c,/src/lcms/src/cmscgats.c,2447,2447,2217,2217,"cmsIT8LoadFromMem(cmsContext, const void *, cmsUInt32Number) -> cmsHANDLE","cmsContext ContextID, const void * Ptr, cmsUInt32Number len",cmsHANDLE,void *,"ParseIT8(cmsIT8 *, cmsBool) -> cmsBool","cmsIT8 * it8, cmsBool nosheet",cmsBool,int
cmsIT8LoadFromMem,IsMyBlock,/src/lcms/src/cmscgats.c,/src/lcms/src/cmscgats.c,2447,2447,2383,2383,"cmsIT8LoadFromMem(cmsContext, const void *, cmsUInt32Number) -> cmsHANDLE","cmsContext ContextID, const void * Ptr, cmsUInt32Number len",cmsHANDLE,void *,"IsMyBlock(const cmsUInt8Number *, cmsUInt32Number) -> int","const cmsUInt8Number * Buffer, cmsUInt32Number n",int,int
cmsCreateRGBProfile,cmsCreateRGBProfileTHR,/src/lcms/src/cmsvirt.c,/src/lcms/src/cmsvirt.c,217,217,101,101,"cmsCreateRGBProfile(const cmsCIExyY *, const cmsCIExyYTRIPLE *, cmsToneCurve *const[3]) -> cmsHPROFILE","const cmsCIExyY * WhitePoint, const cmsCIExyYTRIPLE * Primaries, cmsToneCurve *const[3] TransferFunction",cmsHPROFILE,void *,"cmsCreateRGBProfileTHR(cmsContext, const cmsCIExyY *, const cmsCIExyYTRIPLE *, cmsToneCurve *const[3]) -> cmsHPROFILE","cmsContext ContextID, const cmsCIExyY * WhitePoint, const cmsCIExyYTRIPLE * Primaries, cmsToneCurve *const[3] TransferFunction",cmsHPROFILE,void *
cmsCreateGrayProfile,cmsCreateGrayProfileTHR,/src/lcms/src/cmsvirt.c,/src/lcms/src/cmsvirt.c,280,280,227,227,"cmsCreateGrayProfile(const cmsCIExyY *, const cmsToneCurve *) -> cmsHPROFILE","const cmsCIExyY * WhitePoint, const cmsToneCurve * TransferFunction",cmsHPROFILE,void *,"cmsCreateGrayProfileTHR(cmsContext, const cmsCIExyY *, const cmsToneCurve *) -> cmsHPROFILE","cmsContext ContextID, const cmsCIExyY * WhitePoint, const cmsToneCurve * TransferFunction",cmsHPROFILE,void *
cmsFreeToneCurve,_cmsFree,/src/lcms/src/cmsgamma.c,/src/lcms/src/cmserr.c,906,906,292,292,cmsFreeToneCurve(cmsToneCurve *) -> void,cmsToneCurve * Curve,void,void,"_cmsFree(cmsContext, void *) -> void","cmsContext ContextID, void * Ptr",void,void
cmsFreeToneCurve,_cmsFreeInterpParams,/src/lcms/src/cmsgamma.c,/src/lcms/src/cmsintrp.c,906,906,177,177,cmsFreeToneCurve(cmsToneCurve *) -> void,cmsToneCurve * Curve,void,void,_cmsFreeInterpParams(cmsInterpParams *) -> void,cmsInterpParams * p,void,void
cmsDeleteTransform,_cmsFree,/src/lcms/src/cmsxform.c,/src/lcms/src/cmserr.c,147,147,292,292,cmsDeleteTransform(cmsHTRANSFORM) -> void,cmsHTRANSFORM hTransform,void,void,"_cmsFree(cmsContext, void *) -> void","cmsContext ContextID, void * Ptr",void,void
cmsDeleteTransform,__assert_fail,/src/lcms/src/cmsxform.c,/usr/include/assert.h,147,147,69,69,cmsDeleteTransform(cmsHTRANSFORM) -> void,cmsHTRANSFORM hTransform,void,void,"__assert_fail(const char *, const char *, unsigned int, const char *) -> void","const char * __assertion, const char * __file, unsigned int __line, const char * __function",void,void
cmsDeleteTransform,cmsPipelineFree,/src/lcms/src/cmsxform.c,/src/lcms/src/cmslut.c,147,147,1417,1417,cmsDeleteTransform(cmsHTRANSFORM) -> void,cmsHTRANSFORM hTransform,void,void,cmsPipelineFree(cmsPipeline *) -> void,cmsPipeline * lut,void,void
cmsDeleteTransform,cmsFreeProfileSequenceDescription,/src/lcms/src/cmsxform.c,/src/lcms/src/cmsnamed.c,147,147,813,813,cmsDeleteTransform(cmsHTRANSFORM) -> void,cmsHTRANSFORM hTransform,void,void,cmsFreeProfileSequenceDescription(cmsSEQ *) -> void,cmsSEQ * pseq,void,void
cmsDeleteTransform,cmsFreeNamedColorList,/src/lcms/src/cmsxform.c,/src/lcms/src/cmsnamed.c,147,147,576,576,cmsDeleteTransform(cmsHTRANSFORM) -> void,cmsHTRANSFORM hTransform,void,void,cmsFreeNamedColorList(cmsNAMEDCOLORLIST *) -> void,cmsNAMEDCOLORLIST * v,void,void
cmsOpenProfileFromFile,cmsOpenProfileFromFileTHR,/src/lcms/src/cmsio0.c,/src/lcms/src/cmsio0.c,1215,1215,1187,1187,"cmsOpenProfileFromFile(const char *, const char *) -> cmsHPROFILE","const char * ICCProfile, const char * sAccess",cmsHPROFILE,void *,"cmsOpenProfileFromFileTHR(cmsContext, const char *, const char *) -> cmsHPROFILE","cmsContext ContextID, const char * lpFileName, const char * sAccess",cmsHPROFILE,void *
cmsIT8Free,_cmsFree,/src/lcms/src/cmscgats.c,/src/lcms/src/cmserr.c,1111,1111,292,292,cmsIT8Free(cmsHANDLE) -> void,cmsHANDLE hIT8,void,void,"_cmsFree(cmsContext, void *) -> void","cmsContext ContextID, void * Ptr",void,void
cmsCreate_sRGBProfile,cmsCreate_sRGBProfileTHR,/src/lcms/src/cmsvirt.c,/src/lcms/src/cmsvirt.c,670,670,643,643,cmsCreate_sRGBProfile() -> cmsHPROFILE,,cmsHPROFILE,void *,cmsCreate_sRGBProfileTHR(cmsContext) -> cmsHPROFILE,cmsContext ContextID,cmsHPROFILE,void *
cmsCreateProofingTransform,cmsGetProfileContextID,/src/lcms/src/cmsxform.c,/src/lcms/src/cmsio0.c,1368,1368,552,552,"cmsCreateProofingTransform(cmsHPROFILE, cmsUInt32Number, cmsHPROFILE, cmsUInt32Number, cmsHPROFILE, cmsUInt32Number, cmsUInt32Number, cmsUInt32Number) -> cmsHTRANSFORM","cmsHPROFILE InputProfile, cmsUInt32Number InputFormat, cmsHPROFILE OutputProfile, cmsUInt32Number OutputFormat, cmsHPROFILE ProofingProfile, cmsUInt32Number nIntent, cmsUInt32Number ProofingIntent, cmsUInt32Number dwFlags",cmsHTRANSFORM,void *,cmsGetProfileContextID(cmsHPROFILE) -> cmsContext,cmsHPROFILE hProfile,cmsContext,_cmsContext_struct *
cmsCreateProofingTransform,cmsGetProfileContextID,/src/lcms/src/cmsxform.c,/src/lcms/src/cmsio0.c,1368,1368,552,552,"cmsCreateProofingTransform(cmsHPROFILE, cmsUInt32Number, cmsHPROFILE, cmsUInt32Number, cmsHPROFILE, cmsUInt32Number, cmsUInt32Number, cmsUInt32Number) -> cmsHTRANSFORM","cmsHPROFILE InputProfile, cmsUInt32Number InputFormat, cmsHPROFILE OutputProfile, cmsUInt32Number OutputFormat, cmsHPROFILE ProofingProfile, cmsUInt32Number nIntent, cmsUInt32Number ProofingIntent, cmsUInt32Number dwFlags",cmsHTRANSFORM,void *,cmsGetProfileContextID(cmsHPROFILE) -> cmsContext,cmsHPROFILE hProfile,cmsContext,_cmsContext_struct *
cmsCreateProofingTransform,cmsGetProfileContextID,/src/lcms/src/cmsxform.c,/src/lcms/src/cmsio0.c,1368,1368,552,552,"cmsCreateProofingTransform(cmsHPROFILE, cmsUInt32Number, cmsHPROFILE, cmsUInt32Number, cmsHPROFILE, cmsUInt32Number, cmsUInt32Number, cmsUInt32Number) -> cmsHTRANSFORM","cmsHPROFILE InputProfile, cmsUInt32Number InputFormat, cmsHPROFILE OutputProfile, cmsUInt32Number OutputFormat, cmsHPROFILE ProofingProfile, cmsUInt32Number nIntent, cmsUInt32Number ProofingIntent, cmsUInt32Number dwFlags",cmsHTRANSFORM,void *,cmsGetProfileContextID(cmsHPROFILE) -> cmsContext,cmsHPROFILE hProfile,cmsContext,_cmsContext_struct *
cmsCreateProofingTransform,cmsGetProfileContextID,/src/lcms/src/cmsxform.c,/src/lcms/src/cmsio0.c,1368,1368,552,552,"cmsCreateProofingTransform(cmsHPROFILE, cmsUInt32Number, cmsHPROFILE, cmsUInt32Number, cmsHPROFILE, cmsUInt32Number, cmsUInt32Number, cmsUInt32Number) -> cmsHTRANSFORM","cmsHPROFILE InputProfile, cmsUInt32Number InputFormat, cmsHPROFILE OutputProfile, cmsUInt32Number OutputFormat, cmsHPROFILE ProofingProfile, cmsUInt32Number nIntent, cmsUInt32Number ProofingIntent, cmsUInt32Number dwFlags",cmsHTRANSFORM,void *,cmsGetProfileContextID(cmsHPROFILE) -> cmsContext,cmsHPROFILE hProfile,cmsContext,_cmsContext_struct *
cmsCreateProofingTransform,cmsCreateProofingTransformTHR,/src/lcms/src/cmsxform.c,/src/lcms/src/cmsxform.c,1368,1368,1336,1336,"cmsCreateProofingTransform(cmsHPROFILE, cmsUInt32Number, cmsHPROFILE, cmsUInt32Number, cmsHPROFILE, cmsUInt32Number, cmsUInt32Number, cmsUInt32Number) -> cmsHTRANSFORM","cmsHPROFILE InputProfile, cmsUInt32Number InputFormat, cmsHPROFILE OutputProfile, cmsUInt32Number OutputFormat, cmsHPROFILE ProofingProfile, cmsUInt32Number nIntent, cmsUInt32Number ProofingIntent, cmsUInt32Number dwFlags",cmsHTRANSFORM,void *,"cmsCreateProofingTransformTHR(cmsContext, cmsHPROFILE, cmsUInt32Number, cmsHPROFILE, cmsUInt32Number, cmsHPROFILE, cmsUInt32Number, cmsUInt32Number, cmsUInt32Number) -> cmsHTRANSFORM","cmsContext ContextID, cmsHPROFILE InputProfile, cmsUInt32Number InputFormat, cmsHPROFILE OutputProfile, cmsUInt32Number OutputFormat, cmsHPROFILE ProofingProfile, cmsUInt32Number nIntent, cmsUInt32Number ProofingIntent, cmsUInt32Number dwFlags",cmsHTRANSFORM,void *
cmsReadTag,cmsSignalError,/src/lcms/src/cmsio0.c,/src/lcms/src/cmserr.c,1620,1620,509,509,"cmsReadTag(cmsHPROFILE, cmsTagSignature) -> void *","cmsHPROFILE hProfile, cmsTagSignature sig",void *,void *,"cmsSignalError(cmsContext, cmsUInt32Number, const char *) -> void","cmsContext ContextID, cmsUInt32Number ErrorCode, const char * ErrorText",void,void
cmsReadTag,_cmsUnlockMutex,/src/lcms/src/cmsio0.c,/src/lcms/src/cmserr.c,1620,1620,654,654,"cmsReadTag(cmsHPROFILE, cmsTagSignature) -> void *","cmsHPROFILE hProfile, cmsTagSignature sig",void *,void *,"_cmsUnlockMutex(cmsContext, void *) -> void","cmsContext ContextID, void * mtx",void,void
cmsReadTag,_cmsLockMutex,/src/lcms/src/cmsio0.c,/src/lcms/src/cmserr.c,1620,1620,645,645,"cmsReadTag(cmsHPROFILE, cmsTagSignature) -> void *","cmsHPROFILE hProfile, cmsTagSignature sig",void *,void *,"_cmsLockMutex(cmsContext, void *) -> cmsBool","cmsContext ContextID, void * mtx",cmsBool,int
cmsReadTag,_cmsReadTypeBase,/src/lcms/src/cmsio0.c,/src/lcms/src/cmsplugin.c,1620,1620,438,438,"cmsReadTag(cmsHPROFILE, cmsTagSignature) -> void *","cmsHPROFILE hProfile, cmsTagSignature sig",void *,void *,_cmsReadTypeBase(cmsIOHANDLER *) -> cmsTagTypeSignature,cmsIOHANDLER * io,cmsTagTypeSignature,(unnamed enum)
cmsReadTag,_cmsTagSignature2String,/src/lcms/src/cmsio0.c,/src/lcms/src/cmserr.c,1620,1620,528,528,"cmsReadTag(cmsHPROFILE, cmsTagSignature) -> void *","cmsHPROFILE hProfile, cmsTagSignature sig",void *,void *,"_cmsTagSignature2String(char[5], cmsTagSignature) -> void","char[5] String, cmsTagSignature sig",void,void
cmsReadTag,_cmsGetTagDescriptor,/src/lcms/src/cmsio0.c,/src/lcms/src/cmstypes.c,1620,1620,5798,5798,"cmsReadTag(cmsHPROFILE, cmsTagSignature) -> void *","cmsHPROFILE hProfile, cmsTagSignature sig",void *,void *,"_cmsGetTagDescriptor(cmsContext, cmsTagSignature) -> cmsTagDescriptor *","cmsContext ContextID, cmsTagSignature sig",cmsTagDescriptor *,struct <unnamed> *
cmsReadTag,_cmsGetTagTypeHandler,/src/lcms/src/cmsio0.c,/src/lcms/src/cmstypes.c,1620,1620,5599,5599,"cmsReadTag(cmsHPROFILE, cmsTagSignature) -> void *","cmsHPROFILE hProfile, cmsTagSignature sig",void *,void *,"_cmsGetTagTypeHandler(cmsContext, cmsTagTypeSignature) -> cmsTagTypeHandler *","cmsContext ContextID, cmsTagTypeSignature sig",cmsTagTypeHandler *,_cms_typehandler_struct *
cmsReadTag,_cmsSearchTag,/src/lcms/src/cmsio0.c,/src/lcms/src/cmsio0.c,1620,1620,598,598,"cmsReadTag(cmsHPROFILE, cmsTagSignature) -> void *","cmsHPROFILE hProfile, cmsTagSignature sig",void *,void *,"_cmsSearchTag(_cmsICCPROFILE *, cmsTagSignature, cmsBool) -> int","_cmsICCPROFILE * Icc, cmsTagSignature sig, cmsBool lFollowLinks",int,int
cmsReadTag,IsTypeSupported,/src/lcms/src/cmsio0.c,/src/lcms/src/cmsio0.c,1620,1620,1603,1603,"cmsReadTag(cmsHPROFILE, cmsTagSignature) -> void *","cmsHPROFILE hProfile, cmsTagSignature sig",void *,void *,"IsTypeSupported(cmsTagDescriptor *, cmsTagTypeSignature) -> cmsBool","cmsTagDescriptor * TagDescriptor, cmsTagTypeSignature Type",cmsBool,int
cmsReadTag,freeOneTag,/src/lcms/src/cmsio0.c,/src/lcms/src/cmsio0.c,1620,1620,1547,1547,"cmsReadTag(cmsHPROFILE, cmsTagSignature) -> void *","cmsHPROFILE hProfile, cmsTagSignature sig",void *,void *,"freeOneTag(_cmsICCPROFILE *, cmsUInt32Number) -> void","_cmsICCPROFILE * Icc, cmsUInt32Number i",void,void
cmsSaveProfileToMem,__assert_fail,/src/lcms/src/cmsio0.c,/usr/include/assert.h,1520,1520,69,69,"cmsSaveProfileToMem(cmsHPROFILE, void *, cmsUInt32Number *) -> cmsBool","cmsHPROFILE hProfile, void * MemPtr, cmsUInt32Number * BytesNeeded",cmsBool,int,"__assert_fail(const char *, const char *, unsigned int, const char *) -> void","const char * __assertion, const char * __file, unsigned int __line, const char * __function",void,void
cmsSaveProfileToMem,cmsGetProfileContextID,/src/lcms/src/cmsio0.c,/src/lcms/src/cmsio0.c,1520,1520,552,552,"cmsSaveProfileToMem(cmsHPROFILE, void *, cmsUInt32Number *) -> cmsBool","cmsHPROFILE hProfile, void * MemPtr, cmsUInt32Number * BytesNeeded",cmsBool,int,cmsGetProfileContextID(cmsHPROFILE) -> cmsContext,cmsHPROFILE hProfile,cmsContext,_cmsContext_struct *
cmsSaveProfileToMem,cmsGetProfileContextID,/src/lcms/src/cmsio0.c,/src/lcms/src/cmsio0.c,1520,1520,552,552,"cmsSaveProfileToMem(cmsHPROFILE, void *, cmsUInt32Number *) -> cmsBool","cmsHPROFILE hProfile, void * MemPtr, cmsUInt32Number * BytesNeeded",cmsBool,int,cmsGetProfileContextID(cmsHPROFILE) -> cmsContext,cmsHPROFILE hProfile,cmsContext,_cmsContext_struct *
cmsSaveProfileToMem,cmsGetProfileContextID,/src/lcms/src/cmsio0.c,/src/lcms/src/cmsio0.c,1520,1520,552,552,"cmsSaveProfileToMem(cmsHPROFILE, void *, cmsUInt32Number *) -> cmsBool","cmsHPROFILE hProfile, void * MemPtr, cmsUInt32Number * BytesNeeded",cmsBool,int,cmsGetProfileContextID(cmsHPROFILE) -> cmsContext,cmsHPROFILE hProfile,cmsContext,_cmsContext_struct *
cmsSaveProfileToMem,cmsGetProfileContextID,/src/lcms/src/cmsio0.c,/src/lcms/src/cmsio0.c,1520,1520,552,552,"cmsSaveProfileToMem(cmsHPROFILE, void *, cmsUInt32Number *) -> cmsBool","cmsHPROFILE hProfile, void * MemPtr, cmsUInt32Number * BytesNeeded",cmsBool,int,cmsGetProfileContextID(cmsHPROFILE) -> cmsContext,cmsHPROFILE hProfile,cmsContext,_cmsContext_struct *
cmsSaveProfileToMem,cmsOpenIOhandlerFromMem,/src/lcms/src/cmsio0.c,/src/lcms/src/cmsio0.c,1520,1520,238,238,"cmsSaveProfileToMem(cmsHPROFILE, void *, cmsUInt32Number *) -> cmsBool","cmsHPROFILE hProfile, void * MemPtr, cmsUInt32Number * BytesNeeded",cmsBool,int,"cmsOpenIOhandlerFromMem(cmsContext, void *, cmsUInt32Number, const char *) -> cmsIOHANDLER *","cmsContext ContextID, void * Buffer, cmsUInt32Number size, const char * AccessMode",cmsIOHANDLER *,_cms_io_handler *
cmsSaveProfileToMem,cmsOpenIOhandlerFromMem,/src/lcms/src/cmsio0.c,/src/lcms/src/cmsio0.c,1520,1520,238,238,"cmsSaveProfileToMem(cmsHPROFILE, void *, cmsUInt32Number *) -> cmsBool","cmsHPROFILE hProfile, void * MemPtr, cmsUInt32Number * BytesNeeded",cmsBool,int,"cmsOpenIOhandlerFromMem(cmsContext, void *, cmsUInt32Number, const char *) -> cmsIOHANDLER *","cmsContext ContextID, void * Buffer, cmsUInt32Number size, const char * AccessMode",cmsIOHANDLER *,_cms_io_handler *
cmsSaveProfileToMem,cmsOpenIOhandlerFromMem,/src/lcms/src/cmsio0.c,/src/lcms/src/cmsio0.c,1520,1520,238,238,"cmsSaveProfileToMem(cmsHPROFILE, void *, cmsUInt32Number *) -> cmsBool","cmsHPROFILE hProfile, void * MemPtr, cmsUInt32Number * BytesNeeded",cmsBool,int,"cmsOpenIOhandlerFromMem(cmsContext, void *, cmsUInt32Number, const char *) -> cmsIOHANDLER *","cmsContext ContextID, void * Buffer, cmsUInt32Number size, const char * AccessMode",cmsIOHANDLER *,_cms_io_handler *
cmsSaveProfileToMem,cmsOpenIOhandlerFromMem,/src/lcms/src/cmsio0.c,/src/lcms/src/cmsio0.c,1520,1520,238,238,"cmsSaveProfileToMem(cmsHPROFILE, void *, cmsUInt32Number *) -> cmsBool","cmsHPROFILE hProfile, void * MemPtr, cmsUInt32Number * BytesNeeded",cmsBool,int,"cmsOpenIOhandlerFromMem(cmsContext, void *, cmsUInt32Number, const char *) -> cmsIOHANDLER *","cmsContext ContextID, void * Buffer, cmsUInt32Number size, const char * AccessMode",cmsIOHANDLER *,_cms_io_handler *
cmsSaveProfileToMem,cmsCloseIOhandler,/src/lcms/src/cmsio0.c,/src/lcms/src/cmsio0.c,1520,1520,505,505,"cmsSaveProfileToMem(cmsHPROFILE, void *, cmsUInt32Number *) -> cmsBool","cmsHPROFILE hProfile, void * MemPtr, cmsUInt32Number * BytesNeeded",cmsBool,int,cmsCloseIOhandler(cmsIOHANDLER *) -> cmsBool,cmsIOHANDLER * io,cmsBool,int
cmsSaveProfileToMem,cmsSaveProfileToIOhandler,/src/lcms/src/cmsio0.c,/src/lcms/src/cmsio0.c,1520,1520,1430,1430,"cmsSaveProfileToMem(cmsHPROFILE, void *, cmsUInt32Number *) -> cmsBool","cmsHPROFILE hProfile, void * MemPtr, cmsUInt32Number * BytesNeeded",cmsBool,int,"cmsSaveProfileToIOhandler(cmsHPROFILE, cmsIOHANDLER *) -> cmsUInt32Number","cmsHPROFILE hProfile, cmsIOHANDLER * io",cmsUInt32Number,unsigned int
cmsCreateLab4Profile,cmsCreateLab4ProfileTHR,/src/lcms/src/cmsvirt.c,/src/lcms/src/cmsvirt.c,560,560,521,521,cmsCreateLab4Profile(const cmsCIExyY *) -> cmsHPROFILE,const cmsCIExyY * WhitePoint,cmsHPROFILE,void *,"cmsCreateLab4ProfileTHR(cmsContext, const cmsCIExyY *) -> cmsHPROFILE","cmsContext ContextID, const cmsCIExyY * WhitePoint",cmsHPROFILE,void *
cmsDoTransform,PixelSize,/src/lcms/src/cmsxform.c,/src/lcms/src/cmsxform.c,192,192,176,176,"cmsDoTransform(cmsHTRANSFORM, const void *, void *, cmsUInt32Number) -> void","cmsHTRANSFORM Transform, const void * InputBuffer, void * OutputBuffer, cmsUInt32Number Size",void,void,PixelSize(cmsUInt32Number) -> cmsUInt32Number,cmsUInt32Number Format,cmsUInt32Number,unsigned int
cmsIT8SaveToMem,memset,/src/lcms/src/cmscgats.c,/usr/include/string.h,1933,1933,61,61,"cmsIT8SaveToMem(cmsHANDLE, void *, cmsUInt32Number *) -> cmsBool","cmsHANDLE hIT8, void * MemPtr, cmsUInt32Number * BytesNeeded",cmsBool,int,"memset(void *, int, size_t) -> void *","void * __s, int __c, size_t __n",void *,void *
cmsIT8SaveToMem,cmsIT8SetTable,/src/lcms/src/cmscgats.c,/src/lcms/src/cmscgats.c,1933,1933,1350,1350,"cmsIT8SaveToMem(cmsHANDLE, void *, cmsUInt32Number *) -> cmsBool","cmsHANDLE hIT8, void * MemPtr, cmsUInt32Number * BytesNeeded",cmsBool,int,"cmsIT8SetTable(cmsHANDLE, cmsUInt32Number) -> cmsInt32Number","cmsHANDLE IT8, cmsUInt32Number nTable",cmsInt32Number,int
cmsIT8SaveToMem,WriteHeader,/src/lcms/src/cmscgats.c,/src/lcms/src/cmscgats.c,1933,1933,1762,1762,"cmsIT8SaveToMem(cmsHANDLE, void *, cmsUInt32Number *) -> cmsBool","cmsHANDLE hIT8, void * MemPtr, cmsUInt32Number * BytesNeeded",cmsBool,int,"WriteHeader(cmsIT8 *, SAVESTREAM *) -> void","cmsIT8 * it8, SAVESTREAM * fp",void,void
cmsIT8SaveToMem,WriteDataFormat,/src/lcms/src/cmscgats.c,/src/lcms/src/cmscgats.c,1933,1933,1842,1842,"cmsIT8SaveToMem(cmsHANDLE, void *, cmsUInt32Number *) -> cmsBool","cmsHANDLE hIT8, void * MemPtr, cmsUInt32Number * BytesNeeded",cmsBool,int,"WriteDataFormat(SAVESTREAM *, cmsIT8 *) -> void","SAVESTREAM * fp, cmsIT8 * it8",void,void
cmsIT8SaveToMem,WriteData,/src/lcms/src/cmscgats.c,/src/lcms/src/cmscgats.c,1933,1933,1865,1865,"cmsIT8SaveToMem(cmsHANDLE, void *, cmsUInt32Number *) -> cmsBool","cmsHANDLE hIT8, void * MemPtr, cmsUInt32Number * BytesNeeded",cmsBool,int,"WriteData(SAVESTREAM *, cmsIT8 *) -> void","SAVESTREAM * fp, cmsIT8 * it8",void,void
